{"cameraMode":{"drawMode":0,"name":"Shaded","section":"Shading Mode"},"sceneLighting":false,"audioPlay":false,"sceneViewState":{"m_AlwaysRefresh":false,"showFog":true,"showSkybox":false,"showFlares":true,"showImageEffects":true,"showParticleSystems":true,"showVisualEffectGraphs":true,"m_FxEnabled":true},"in2DMode":false,"pivot":{"x":1.2559069395065308,"y":0.4523155689239502,"z":0.12830804288387299},"rotation":{"x":0.21702344715595246,"y":-0.3301581144332886,"z":0.07828225940465927,"w":0.9153005480766296},"size":1.4483071565628052,"orthographic":false}